{
  "$schema": "https://schema.management.azure.com/schemas/2019-04-01/deploymentTemplate.json#",
  "contentVersion": "1.0.0.0",
  "parameters": {
    "location": {
      "type": "string",
      "defaultValue": "[resourceGroup().location]"
    },
    "appServicePlanName": {
      "type": "string",
      "maxLength": 40,
      "metadata": {
        "description": "App Service plan name."
      }
    },
    "appServiceNamePrefix": {
      "type": "string",
      "maxLength": 47,
      "metadata": {
        "description": "App Service name prefix."
      }
    },
    "storageAccountNamePrefix": {
      "type": "string",
      "maxLength": 11,
      "metadata": {
        "description": "Storage account name prefix."
      }
    },
    "storageAccountType": {
      "type": "string",
      "allowedValues": [
        "Premium_LRS",
        "Standard_LRS",
        "Standard_GRS"
      ],
      "metadata": {
        "description": "Storage account type allowed values"
      }
    }
  },
  "variables": {
    "appServicePlanSku": "F1",
    "appServicePlanCapacity": 1,
    "appServiceName": "[format('{0}{1}', parameters('appServiceNamePrefix'), uniqueString(resourceGroup().id))]",
    "storageAccountName": "[format('{0}{1}', parameters('storageAccountNamePrefix'), uniqueString(resourceGroup().id))]"
  },
  "resources": [
    {
      "type": "Microsoft.Web/serverfarms",
      "apiVersion": "2022-03-01",
      "name": "[parameters('appServicePlanName')]",
      "location": "[parameters('location')]",
      "sku": {
        "name": "[variables('appServicePlanSku')]",
        "capacity": "[variables('appServicePlanCapacity')]"
      }
    },
    {
      "type": "Microsoft.Web/sites",
      "apiVersion": "2022-03-01",
      "name": "[variables('appServiceName')]",
      "location": "[parameters('location')]",
      "properties": {
        "serverFarmId": "[resourceId('Microsoft.Web/serverfarms', parameters('appServicePlanName'))]",
        "httpsOnly": true,
        "siteConfig": {
          "appSettings": [
            {
              "name": "AppServiceStorageConnectionString",
              "value": "[format('DefaultEndpointsProtocol=https;AccountName={0};EndpointSuffix={1};Key={2}', variables('storageAccountName'), environment().suffixes.storage, listKeys(resourceId('Microsoft.Storage/storageAccounts', variables('storageAccountName')), '2022-09-01').keys[0].value)]"
            }
          ]
        }
      },
      "dependsOn": [
        "[resourceId('Microsoft.Web/serverfarms', parameters('appServicePlanName'))]",
        "[resourceId('Microsoft.Storage/storageAccounts', variables('storageAccountName'))]"
      ]
    },
    {
      "type": "Microsoft.Storage/storageAccounts",
      "apiVersion": "2022-09-01",
      "name": "[variables('storageAccountName')]",
      "location": "[parameters('location')]",
      "sku": {
        "name": "[parameters('storageAccountType')]"
      },
      "kind": "StorageV2",
      "properties": {
        "accessTier": "Hot"
      }
    }
  ],
  "outputs": {
    "appServicePlan": {
      "type": "string",
      "value": "[parameters('appServicePlanName')]"
    },
    "appServiceApp": {
      "type": "string",
      "value": "[reference(resourceId('Microsoft.Web/sites', variables('appServiceName')), '2022-03-01').defaultHostName]"
    },
    "storageAccount": {
      "type": "string",
      "value": "[reference(resourceId('Microsoft.Storage/storageAccounts', variables('storageAccountName')), '2022-09-01').primaryEndpoints.blob]"
    }
  }
}